{
  "auroc_mean": 0.36333333333333334,
  "auroc_std": 0.13201197102470352,
  "auroc_shuffled": 0.5633333333333334,
  "cv_aurocs": [
    0.41666666666666663,
    0.5555555555555556,
    0.2777777777777778,
    0.4,
    0.16666666666666669
  ],
  "bootstrap_ci_95": [
    0.9999999999999999,
    1.0
  ],
  "n_total": 58,
  "n_correct": 29
}