condition,n_correct,n_incorrect,mean_lp_correct,mean_lp_incorrect,delta_mean,mw_statistic,p_value,significant_05
cot,204,196,-0.08020992741350312,-0.11278246488823587,0.03257253747473275,27713.0,1.2017174280836233e-11,True
nocot,32,368,-0.08644090541060162,-0.16365879860670443,0.07721789319610281,8366.0,3.9170572047129405e-05,True
